serial,links
1,https://sl-dev-s3.s3.amazonaws.com/product/10e4b535-fb83-489f-9e58-33182be633d9.webp
2,https://sl-dev-s3.s3.amazonaws.com/product/fee5952b-6860-4f80-a9d4-71df8da1d14e.webp
3,https://sl-dev-s3.s3.amazonaws.com/product/0becc23d-5691-4a52-8188-fc6534a36b09.webp
4,https://sl-dev-s3.s3.amazonaws.com/product/3adcbaf0-ca63-4cad-b159-b0130bda99db.webp
5,https://sl-dev-s3.s3.amazonaws.com/product/e9ca6f22-e1dd-4f26-9157-38221001e012.webp
6,https://sl-dev-s3.s3.amazonaws.com/product/186506e7-fdfc-49b9-b2e9-fa62536e7517.webp
7,https://sl-dev-s3.s3.amazonaws.com/product/6c9b13bd-6081-4943-8d3c-77b1d8dec61e.webp
8,https://sl-dev-s3.s3.amazonaws.com/product/087494dd-2d89-4450-b9ec-0bccd20ee37f.webp
9,https://sl-dev-s3.s3.amazonaws.com/product/8899039-1-1774780068499.webp
10,https://sl-dev-s3.s3.amazonaws.com/product/8289018-1-1774779979547.webp
11,https://sl-dev-s3.s3.amazonaws.com/product/9116401-1-1773030784825.webp
12,https://sl-dev-s3.s3.amazonaws.com/product/8716873-1-1773030775162.webp
13,https://sl-dev-s3.s3.amazonaws.com/product/8716867-1-1773030773051.webp
14,https://sl-dev-s3.s3.amazonaws.com/product/3616159-1-1773030490006.webp
15,https://sl-dev-s3.s3.amazonaws.com/product/8716960-1-1772519572195.webp
16,https://sl-dev-s3.s3.amazonaws.com/product/8714960-1-1772519569203.webp
17,https://sl-dev-s3.s3.amazonaws.com/product/8711867-1-1772519566072.webp
18,https://sl-dev-s3.s3.amazonaws.com/product/3619207-1-1772519488697.webp
19,https://sl-dev-s3.s3.amazonaws.com/product/6714020-2-1772423940804.webp
20,https://sl-dev-s3.s3.amazonaws.com/product/8404046-1-1772075607946.webp
21,https://sl-dev-s3.s3.amazonaws.com/product/8289166-1-1772075638655.webp
22,https://sl-dev-s3.s3.amazonaws.com/product/8286010-2-1771145766408.webp
23,https://sl-dev-s3.s3.amazonaws.com/product/7718959-2-1771145757169.webp
24,https://sl-dev-s3.s3.amazonaws.com/product/8014024-1-1769069800688.webp
25,https://sl-dev-s3.s3.amazonaws.com/product/1-791ca42d-c435-4db2-adfe-ebc9cbf445c2-1024x1024-1763464432709.webp
26,https://sl-dev-s3.s3.amazonaws.com/product/1-e74bc85d-f472-4f9e-8ee7-df23980935f0-1024x1024-1763464463307.webp
27,https://sl-dev-s3.s3.amazonaws.com/product/1-c45aa1e7-24c3-4050-9509-55ea27a51397-1024x1024-1763464456137.webp
28,https://sl-dev-s3.s3.amazonaws.com/product/1-2bbd633c-72d8-40ce-9c42-0a00610b88dd-1024x1024-1763464861402.webp
29,https://sl-dev-s3.s3.amazonaws.com/product/1-f07d3b05-b167-4b2e-b9a0-737ace5c197c-1024x1024-1763464467311.webp
30,https://sl-dev-s3.s3.amazonaws.com/product/5716135-1-1024x1024-1763464740026.webp
31,https://sl-dev-s3.s3.amazonaws.com/product/5508887-1-1024x1024-1763464737565.webp
32,https://sl-dev-s3.s3.amazonaws.com/product/5391238-1-1024x1024-1763464731417.webp
33,https://sl-dev-s3.s3.amazonaws.com/product/5319255-1-1024x1024-1763464730334.webp
34,https://sl-dev-s3.s3.amazonaws.com/product/5318255-1-1024x1024-1763464729096.webp
35,https://sl-dev-s3.s3.amazonaws.com/product/1-e7bb4a1a-976a-4d5b-9e0a-cb6d56330f82-1024x1024-1763464462542.webp
36,https://sl-dev-s3.s3.amazonaws.com/product/3615182-1-1024x1024-1763464669124.webp
37,https://sl-dev-s3.s3.amazonaws.com/product/dsc00995-1024x1024-1763464856605.webp
38,https://sl-dev-s3.s3.amazonaws.com/product/1-a98cd9aa-071f-46f7-b665-2a289624c22c-1024x1024-1763464445572.webp
39,https://sl-dev-s3.s3.amazonaws.com/product/1-9eb0cc36-b7d4-40a0-a07a-c3fd1db9af1c-1024x1024-1763464422085.webp
40,https://sl-dev-s3.s3.amazonaws.com/product/1-79062a1f-5cf4-45d4-a62f-078efbb11d9e-1024x1024-1763024373972.webp
41,https://sl-dev-s3.s3.amazonaws.com/product/3515002-1-1763019757239.webp
42,https://sl-dev-s3.s3.amazonaws.com/product/3511002-1-1763019755973.webp
43,https://sl-dev-s3.s3.amazonaws.com/product/9046232-1-1756281881152.webp
44,https://sl-dev-s3.s3.amazonaws.com/product/1-f3dad426-3c5a-4cc9-9c4f-ddbf3287b4d0-1756281595215.webp
45,https://sl-dev-s3.s3.amazonaws.com/product/8614444-1-1756281850796.webp
46,https://sl-dev-s3.s3.amazonaws.com/product/1-421335f7-b278-44da-bc11-c6ff56489040-1756281577983.webp
47,https://sl-dev-s3.s3.amazonaws.com/product/1-510ae37a-b39e-459c-9b27-bbd45a25ddf6-1756281571540.webp
48,https://sl-dev-s3.s3.amazonaws.com/product/8316125-1-1756281828520.webp
49,https://sl-dev-s3.s3.amazonaws.com/product/7018204-1-1756281801631.webp
50,https://sl-dev-s3.s3.amazonaws.com/product/5205155-1-1756281758778.webp
51,https://sl-dev-s3.s3.amazonaws.com/product/5205153-1-1756281757155.webp
52,https://sl-dev-s3.s3.amazonaws.com/product/1-a33a3fbc-3546-4c79-823c-b136701a069d-1756281581557.webp
53,https://sl-dev-s3.s3.amazonaws.com/product/413-1779080265649.webp
54,https://sl-dev-s3.s3.amazonaws.com/product/1-4e1d702a-7402-4819-a195-b94328ec0c2d-1756281560002.webp
55,https://sl-dev-s3.s3.amazonaws.com/product/1-d7884ac6-85d1-42f7-b278-3aaf2f5c18a2-1756281589177.webp
56,https://sl-dev-s3.s3.amazonaws.com/product/1-8e4f04cf-884c-4804-86b8-71ea469b71fc-1756281563394.webp
57,https://sl-dev-s3.s3.amazonaws.com/product/3519936-1-1756281746062.webp
58,https://sl-dev-s3.s3.amazonaws.com/product/1-f70a15dd-e198-4d90-952a-5c4347441251-1756281595918.webp
59,https://sl-dev-s3.s3.amazonaws.com/product/5208153-2-1753858312656.webp
60,https://sl-dev-s3.s3.amazonaws.com/product/3616184-2-1753761140474.webp
61,https://sl-dev-s3.s3.amazonaws.com/product/61-1751358815772.webp
62,https://sl-dev-s3.s3.amazonaws.com/product/50-1751358828538.webp
63,https://sl-dev-s3.s3.amazonaws.com/product/38-1751358847250.webp
64,https://sl-dev-s3.s3.amazonaws.com/product/9-1746524112656.webp
65,https://sl-dev-s3.s3.amazonaws.com/product/8-1746524111274.webp
66,https://sl-dev-s3.s3.amazonaws.com/product/2-ca649de5-03a3-4a29-8978-6a90e548286d-1742190828550.webp
67,https://sl-dev-s3.s3.amazonaws.com/product/dsc-6742-1742190857235.webp
68,https://sl-dev-s3.s3.amazonaws.com/product/2-c2134c40-d6c4-4244-a98a-f61f8a88a41c-1742190711493.webp
69,https://sl-dev-s3.s3.amazonaws.com/product/2-c4e7ef59-4df9-4f75-8014-389d380f3b1d-1742191181805.webp
70,https://sl-dev-s3.s3.amazonaws.com/product/2-738a11af-5fc2-4d06-8f37-70933d2ddcdd-1742191302906.webp
71,https://sl-dev-s3.s3.amazonaws.com/product/2-d6c2b637-90ac-4150-a926-afa2d9f4bb5a-1742191202378.webp
72,https://sl-dev-s3.s3.amazonaws.com/product/2-a600e574-c990-4f5d-b267-8e97ae2f8067-1742191564672.webp
73,https://sl-dev-s3.s3.amazonaws.com/product/2-7d9342d6-d0ce-4134-9966-75f4c22e83fb-1742191119677.webp
74,https://sl-dev-s3.s3.amazonaws.com/product/2-0e216184-2dcd-431d-9837-ad48c6b509cd-1742190870377.webp
75,https://sl-dev-s3.s3.amazonaws.com/product/2-05bae3ab-cb36-4816-8ec5-bb807019875d-1742190813759.webp
76,https://sl-dev-s3.s3.amazonaws.com/product/2-ffc3174f-6fd3-4069-8b7f-53d6281c46df-1742191555744.webp
77,https://sl-dev-s3.s3.amazonaws.com/product/2-85a46330-697d-44c5-8b38-ddb47ecac6a2-1742191471535.webp
78,https://sl-dev-s3.s3.amazonaws.com/product/2-ae8d99b2-06ae-4c0e-aadf-f2471ae20601-1742191446301.webp
79,https://sl-dev-s3.s3.amazonaws.com/product/2-36bea52f-0ff6-41d4-9512-64dfe0605c24-1742191401893.webp
80,https://sl-dev-s3.s3.amazonaws.com/product/2-3e6daa99-17a9-4762-a5e9-f3314fa02c98-1742191008999.webp
81,https://sl-dev-s3.s3.amazonaws.com/product/2-80d6e165-c560-410d-8b97-1934a65bad71-1742191304110.webp
82,https://sl-dev-s3.s3.amazonaws.com/product/2-58ba86ad-945f-4d29-9066-8fae85da03c6-1742191212834.webp
83,https://sl-dev-s3.s3.amazonaws.com/product/1-1b044e87-9e30-4996-80d5-fd78f0ffdf9f-1742190713052.webp
84,https://sl-dev-s3.s3.amazonaws.com/product/2-45f2f9cb-7498-4666-91a8-54b9e4fb35a0-1742190817236.webp
85,https://sl-dev-s3.s3.amazonaws.com/product/2-6aad7bcd-287b-4f04-9acf-3bbd8508f3c3-1742190716715.webp
86,https://sl-dev-s3.s3.amazonaws.com/product/2-abcc05cb-92be-4653-b8b4-16ea34371628-1742191290108.webp
87,https://sl-dev-s3.s3.amazonaws.com/product/2-fabe4b3f-693f-40c3-afc4-b0cb9c959489-1742190777059.webp
88,https://sl-dev-s3.s3.amazonaws.com/product/2-033e08bc-aeb7-4557-8de7-b62d3a9fa76f-1742190950807.webp
89,https://sl-dev-s3.s3.amazonaws.com/product/1-b1f0a2bb-54e5-457c-9490-ce37fc061c7a-1742190797305.webp
90,https://sl-dev-s3.s3.amazonaws.com/product/2-85c15f7f-f872-42f3-b7d5-861b35d7d2c6-1742191243138.webp
91,https://sl-dev-s3.s3.amazonaws.com/product/2-5a6d931a-c12c-416e-8062-a6806b6c0cf8-1742190997512.webp
92,https://sl-dev-s3.s3.amazonaws.com/product/2-b92814a0-da0f-47bd-9d02-5eda18e9a8a3-1742191169804.webp
93,https://sl-dev-s3.s3.amazonaws.com/product/2-98006f94-d171-44d1-9018-8220734d0e2a-1742191017326.webp
94,https://sl-dev-s3.s3.amazonaws.com/product/2-48b4b71b-ffc4-4c9e-80cb-9dbc775a2c25-1742191178023.webp
95,https://sl-dev-s3.s3.amazonaws.com/product/2-88cb42e7-71ec-4f70-b0d7-a9c811479f56-1742190966549.webp
96,https://sl-dev-s3.s3.amazonaws.com/product/2-ab4a9084-d4cf-43c0-8db2-c22ee1674e44-1742191350456.webp
97,https://sl-dev-s3.s3.amazonaws.com/product/8626002-2-1742191089562.webp
98,https://sl-dev-s3.s3.amazonaws.com/product/1-f90abcfb-5ce8-402b-ba7b-7c0aa4e3fb5d-1742190789481.webp
99,https://sl-dev-s3.s3.amazonaws.com/product/2-7b89a546-4503-4dcb-80ce-bd85a0929580-1742191311579.webp
100,https://sl-dev-s3.s3.amazonaws.com/product/2-304fba25-1560-4de1-9ac7-6dd4adfcd964-1742190982238.webp
101,https://sl-dev-s3.s3.amazonaws.com/product/2-5f8f4de3-7d1f-462a-a61d-113410c4a9c6-1742191223853.webp
102,https://sl-dev-s3.s3.amazonaws.com/product/2-0099d3b8-2a5f-45c3-b0ef-6158775412c3-1742191036341.webp
103,https://sl-dev-s3.s3.amazonaws.com/product/2-9e422ccc-d7b5-4538-9b6c-ccac9481561e-1742190946539.webp
104,https://sl-dev-s3.s3.amazonaws.com/product/3716901-2-1742190866812.webp
105,https://sl-dev-s3.s3.amazonaws.com/product/dsc-6072-1742190723400.webp
106,https://sl-dev-s3.s3.amazonaws.com/product/2-8b3f6151-0a1d-4100-8c7d-4611dc326420-1742191215952.webp
107,https://sl-dev-s3.s3.amazonaws.com/product/2-f924bb6b-63e2-46d7-9ac1-88165e6143ea-1742190814049.webp
108,https://sl-dev-s3.s3.amazonaws.com/product/2-995cdd5d-4353-4308-b2bb-6ae2d0eaa5b0-1742191243284.webp
109,https://sl-dev-s3.s3.amazonaws.com/product/dsc01307-1742191079914.webp
110,https://sl-dev-s3.s3.amazonaws.com/product/2-1ee355d4-6458-49df-b197-82e48c9bc88e-1742190845892.webp
111,https://sl-dev-s3.s3.amazonaws.com/product/dsc00870-1742191320125.webp
112,https://sl-dev-s3.s3.amazonaws.com/product/2-e6094200-e287-43f7-8936-d18e110c8723-1742191698186.webp
113,https://sl-dev-s3.s3.amazonaws.com/product/2-5495b7fe-23a8-4a8e-9e62-b2edd79f5cf9-1742190964023.webp
114,https://sl-dev-s3.s3.amazonaws.com/product/2-e687ae85-7eee-43fe-86ed-cf489cdb7b40-1742190716550.webp
115,https://sl-dev-s3.s3.amazonaws.com/product/2-5fe83c77-29f4-46e0-aede-08a5795d1bc6-1742190848467.webp
116,https://sl-dev-s3.s3.amazonaws.com/product/dsc02688-1742190990729.webp
117,https://sl-dev-s3.s3.amazonaws.com/product/2-15aa1184-9ae6-4660-9937-d1ab4ee2c8d4-1742191340351.webp
118,https://sl-dev-s3.s3.amazonaws.com/product/2-4e4227af-6555-4edb-8786-1c99d9a327c3-1742191203511.webp
119,https://sl-dev-s3.s3.amazonaws.com/product/2-7b07104e-0836-4207-97b3-4561f0a2cb59-1742191249443.webp
120,https://sl-dev-s3.s3.amazonaws.com/product/2-bce7b0cb-93b1-4cb5-81a3-6bed2c80b76d-1742191521388.webp
121,https://sl-dev-s3.s3.amazonaws.com/product/2-5b7f7b49-fb66-415e-8b35-75492b0d8faf-1742191122899.webp
122,https://sl-dev-s3.s3.amazonaws.com/product/2-be192960-5942-4220-bc58-d140aaf66eb4-1742191374907.webp
123,https://sl-dev-s3.s3.amazonaws.com/product/2-91ce11f5-47d4-4a37-ab27-f705ccbe0524-1742191503934.webp
124,https://sl-dev-s3.s3.amazonaws.com/product/2-28acce8b-2ec3-4b22-95b7-f9eddf346e27-1742191512311.webp
125,https://sl-dev-s3.s3.amazonaws.com/product/2-b655bd4a-9290-4c6f-bcf2-fc08ef88a503-1742191411354.webp
